FID,survey_id,country,area,ecoregion,realm,location,site_code,site_name,latitude,longitude,survey_date,depth,program,visibility,hour,survey_latitude,survey_longitude,method,block,phylum,class,order,family,species_name,reporting_name,size_class,total,biomass,geom
ep_m0_off_transect_sighting_public_data.fid--462e4c35_197a05f666f_-63cf,4000832,Australia,Queensland,Arnhem Coast to Gulf of Carpenteria,Central Indo-Pacific,Carpentaria,GC9,Manowar Island,-16.23,139.25,5/7/2010,5.5,RLS,,,,,0,,Chordata,Actinopterygii,Perciformes,Latidae,Psammoperca waigiensis,Psammoperca waigiensis,7.5,1,7.7949,POINT (139.25 -16.229999542236328)
ep_m0_off_transect_sighting_public_data.fid--462e4c35_197a05f666f_-63ce,4000833,Australia,Queensland,Arnhem Coast to Gulf of Carpenteria,Central Indo-Pacific,Carpentaria,GC9,Manowar Island,-16.23,139.25,5/7/2010,6,RLS,,,,,0,,Chordata,Actinopterygii,Perciformes,Latidae,Psammoperca waigiensis,Psammoperca waigiensis,12.5,1,36.4581,POINT (139.25 -16.229999542236328)
ep_m0_off_transect_sighting_public_data.fid--462e4c35_197a05f666f_-63cd,4000833,Australia,Queensland,Arnhem Coast to Gulf of Carpenteria,Central Indo-Pacific,Carpentaria,GC9,Manowar Island,-16.23,139.25,5/7/2010,6,RLS,,,,,0,,Chordata,Actinopterygii,Perciformes,Latidae,Psammoperca waigiensis,Psammoperca waigiensis,15,1,63.2298,POINT (139.25 -16.229999542236328)
ep_m0_off_transect_sighting_public_data.fid--462e4c35_197a05f666f_-63cc,912343820,Australia,Queensland,Torres Strait Northern Great Barrier Reef,Central Indo-Pacific,West Cape York,TS1,Booby Island,-10.61,141.92,5/8/2013,2.3,RLS,4,11:00:00,,,0,,Chordata,Actinopterygii,Perciformes,Labridae,Cheilinus fasciatus,Cheilinus fasciatus,15,1,81.8566,POINT (141.9199981689453 -10.609999656677246)
ep_m0_off_transect_sighting_public_data.fid--462e4c35_197a05f666f_-63cb,912343820,Australia,Queensland,Torres Strait Northern Great Barrier Reef,Central Indo-Pacific,West Cape York,TS1,Booby Island,-10.61,141.92,5/8/2013,2.3,RLS,4,11:00:00,,,0,,Chordata,Actinopterygii,Tetraodontiformes,Balistidae,Rhinecanthus rectangulus,Rhinecanthus rectangulus,25,1,380.3246,POINT (141.9199981689453 -10.609999656677246)
ep_m0_off_transect_sighting_public_data.fid--462e4c35_197a05f666f_-63ca,912343823,Australia,Northern Territory,Arnhem Coast to Gulf of Carpenteria,Central Indo-Pacific,Wessel,NT103,Norruum Islet,-11.23,136.69,10/8/2013,6,RLS,8,11:00:00,,,0,,Chordata,Actinopterygii,Perciformes,Lethrinidae,Lethrinus olivaceus,Lethrinus olivaceus,40,1,680.3077,POINT (136.69000244140625 -11.229999542236328)
ep_m0_off_transect_sighting_public_data.fid--462e4c35_197a05f666f_-63c9,912343823,Australia,Northern Territory,Arnhem Coast to Gulf of Carpenteria,Central Indo-Pacific,Wessel,NT103,Norruum Islet,-11.23,136.69,10/8/2013,6,RLS,8,11:00:00,,,0,,Chordata,Actinopterygii,Perciformes,Pomacentridae,Abudefduf vaigiensis,Abudefduf vaigiensis,7.5,10,161.5027,POINT (136.69000244140625 -11.229999542236328)
ep_m0_off_transect_sighting_public_data.fid--462e4c35_197a05f666f_-63c8,912343823,Australia,Northern Territory,Arnhem Coast to Gulf of Carpenteria,Central Indo-Pacific,Wessel,NT103,Norruum Islet,-11.23,136.69,10/8/2013,6,RLS,8,11:00:00,,,0,,Chordata,Actinopterygii,Perciformes,Scaridae,Chlorurus microrhinos,Chlorurus microrhinos,40,1,881.642,POINT (136.69000244140625 -11.229999542236328)
ep_m0_off_transect_sighting_public_data.fid--462e4c35_197a05f666f_-63c7,912343823,Australia,Northern Territory,Arnhem Coast to Gulf of Carpenteria,Central Indo-Pacific,Wessel,NT103,Norruum Islet,-11.23,136.69,10/8/2013,6,RLS,8,11:00:00,,,0,,Chordata,Elasmobranchii,Myliobatiformes,Dasyatidae,Neotrygon kuhlii,Neotrygon kuhlii,30,1,874.5698,POINT (136.69000244140625 -11.229999542236328)
ep_m0_off_transect_sighting_public_data.fid--462e4c35_197a05f666f_-63c6,912343823,Australia,Northern Territory,Arnhem Coast to Gulf of Carpenteria,Central Indo-Pacific,Wessel,NT103,Norruum Islet,-11.23,136.69,10/8/2013,6,RLS,8,11:00:00,,,0,,Chordata,Elasmobranchii,Myliobatiformes,Dasyatidae,Neotrygon kuhlii,Neotrygon kuhlii,35,1,1260.8639,POINT (136.69000244140625 -11.229999542236328)
ep_m0_off_transect_sighting_public_data.fid--462e4c35_197a05f666f_-63c5,912343824,Australia,Queensland,Torres Strait Northern Great Barrier Reef,Central Indo-Pacific,West Cape York,TS1,Booby Island,-10.61,141.92,5/8/2013,4,RLS,4,11:00:00,,,0,,Chordata,Actinopterygii,Perciformes,Caesionidae,Caesio cuning,Caesio cuning,20,1,249.9089,POINT (141.9199981689453 -10.609999656677246)
ep_m0_off_transect_sighting_public_data.fid--462e4c35_197a05f666f_-63c4,912343824,Australia,Queensland,Torres Strait Northern Great Barrier Reef,Central Indo-Pacific,West Cape York,TS1,Booby Island,-10.61,141.92,5/8/2013,4,RLS,4,11:00:00,,,0,,Chordata,Actinopterygii,Perciformes,Chaetodontidae,Chelmon marginalis,Chelmon marginalis,10,1,38.7557,POINT (141.9199981689453 -10.609999656677246)
ep_m0_off_transect_sighting_public_data.fid--462e4c35_197a05f666f_-63c3,912343826,Australia,Northern Territory,Arnhem Coast to Gulf of Carpenteria,Central Indo-Pacific,Wessel,NT102,Burston Bay,-11.22,136.69,10/8/2013,3.5,RLS,10,9:00:00,,,0,,Chordata,Actinopterygii,Perciformes,Scaridae,Bolbometopon muricatum,Bolbometopon muricatum,100,2,24803.754,POINT (136.69000244140625 -11.220000267028809)
ep_m0_off_transect_sighting_public_data.fid--462e4c35_197a05f666f_-63c2,912343826,Australia,Northern Territory,Arnhem Coast to Gulf of Carpenteria,Central Indo-Pacific,Wessel,NT102,Burston Bay,-11.22,136.69,10/8/2013,3.5,RLS,10,9:00:00,,,0,,Chordata,Actinopterygii,Perciformes,Scaridae,Chlorurus microrhinos,Chlorurus microrhinos,50,2,3487.863,POINT (136.69000244140625 -11.220000267028809)
ep_m0_off_transect_sighting_public_data.fid--462e4c35_197a05f666f_-63c1,912343830,Australia,Northern Territory,Arnhem Coast to Gulf of Carpenteria,Central Indo-Pacific,Wessel,NT102,Burston Bay,-11.22,136.69,10/8/2013,3,RLS,10,9:00:00,,,0,,Chordata,Elasmobranchii,Myliobatiformes,Dasyatidae,Dasyatidae spp.,Dasyatid spp.,62.5,1,1350.1256,POINT (136.69000244140625 -11.220000267028809)
ep_m0_off_transect_sighting_public_data.fid--462e4c35_197a05f666f_-63c0,912343830,Australia,Northern Territory,Arnhem Coast to Gulf of Carpenteria,Central Indo-Pacific,Wessel,NT102,Burston Bay,-11.22,136.69,10/8/2013,3,RLS,10,9:00:00,,,0,,Chordata,Reptilia,Testudines,Cheloniidae,Chelonia mydas,Chelonia mydas,50,1,,POINT (136.69000244140625 -11.220000267028809)
ep_m0_off_transect_sighting_public_data.fid--462e4c35_197a05f666f_-63bf,912345734,Australia,Northern Territory,Arnhem Coast to Gulf of Carpenteria,Central Indo-Pacific,Arafura,NT20,Money Shoal NW,-10.32,132.71,20/10/2015,8,RLS,10,13:00:00,,,0,,Chordata,Actinopterygii,Tetraodontiformes,Diodontidae,Diodon hystrix,Diodon hystrix,40,1,1855.5742,POINT (132.7100067138672 -10.319999694824219)
ep_m0_off_transect_sighting_public_data.fid--462e4c35_197a05f666f_-63be,912345739,Australia,Northern Territory,Arnhem Coast to Gulf of Carpenteria,Central Indo-Pacific,Arafura,NT22,Money Shoal E,-10.32,132.71,21/10/2015,11,RLS,12,10:00:00,,,0,,Chordata,Actinopterygii,Perciformes,Pomacanthidae,Pomacanthus imperator,Pomacanthus imperator,25,1,641.6669,POINT (132.7100067138672 -10.319999694824219)
ep_m0_off_transect_sighting_public_data.fid--462e4c35_197a05f666f_-63bd,912345739,Australia,Northern Territory,Arnhem Coast to Gulf of Carpenteria,Central Indo-Pacific,Arafura,NT22,Money Shoal E,-10.32,132.71,21/10/2015,11,RLS,12,10:00:00,,,0,,Chordata,Actinopterygii,Perciformes,Serranidae,Plectropomus leopardus,Plectropomus leopardus,40,1,679.5635,POINT (132.7100067138672 -10.319999694824219)
ep_m0_off_transect_sighting_public_data.fid--462e4c35_197a05f666f_-63bc,912345740,Australia,Northern Territory,Arnhem Coast to Gulf of Carpenteria,Central Indo-Pacific,Arafura,NT23,Money Shoal SE,-10.33,132.71,21/10/2015,16,RLS,11,14:00:00,,,0,,Chordata,Actinopterygii,Perciformes,Serranidae,Epinephelus polyphekadion,Epinephelus polyphekadion,75,1,4866.292,POINT (132.7100067138672 -10.329999923706055)
ep_m0_off_transect_sighting_public_data.fid--462e4c35_197a05f666f_-63bb,912345741,Australia,Northern Territory,Arnhem Coast to Gulf of Carpenteria,Central Indo-Pacific,Arafura,NT24,Bramble Rocks,-10.89,132.78,22/10/2015,8,RLS,5,10:00:00,,,0,,Chordata,Actinopterygii,Perciformes,Blenniidae,Cirripectes filamentosus,Cirripectes filamentosus,5,1,1.6385,POINT (132.77999877929688 -10.890000343322754)
ep_m0_off_transect_sighting_public_data.fid--462e4c35_197a05f666f_-63ba,912345741,Australia,Northern Territory,Arnhem Coast to Gulf of Carpenteria,Central Indo-Pacific,Arafura,NT24,Bramble Rocks,-10.89,132.78,22/10/2015,8,RLS,5,10:00:00,,,0,,Chordata,Actinopterygii,Perciformes,Blenniidae,Ecsenius bicolor,Ecsenius bicolor,2.5,1,0.1861,POINT (132.77999877929688 -10.890000343322754)
ep_m0_off_transect_sighting_public_data.fid--462e4c35_197a05f666f_-63b9,912345741,Australia,Northern Territory,Arnhem Coast to Gulf of Carpenteria,Central Indo-Pacific,Arafura,NT24,Bramble Rocks,-10.89,132.78,22/10/2015,8,RLS,5,10:00:00,,,0,,Mollusca,Gastropoda,Neogastropoda,Muricidae,Chicoreus brunneus,Chicoreus brunneus,0,1,,POINT (132.77999877929688 -10.890000343322754)
ep_m0_off_transect_sighting_public_data.fid--462e4c35_197a05f666f_-63b8,912345742,Australia,Northern Territory,Arnhem Coast to Gulf of Carpenteria,Central Indo-Pacific,Arafura,NT24,Bramble Rocks,-10.89,132.78,22/10/2015,6,RLS,5,10:00:00,,,0,,Platyhelminthes,Turbellaria,Polycladida,Pseudocerotidae,Pseudoceros duplicinctus,Pseudoceros duplicinctus,0,1,,POINT (132.77999877929688 -10.890000343322754)
ep_m0_off_transect_sighting_public_data.fid--462e4c35_197a05f666f_-63b7,912345743,Australia,Northern Territory,Arnhem Coast to Gulf of Carpenteria,Central Indo-Pacific,Arafura,NT25,New Year Island anchorage,-10.91,133.02,22/10/2015,6,RLS,8,15:00:00,,,0,,Chordata,Actinopterygii,Perciformes,Caesionidae,Caesio cuning,Caesio cuning,12.5,20,1293.0913,POINT (133.02000427246094 -10.90999984741211)
ep_m0_off_transect_sighting_public_data.fid--462e4c35_197a05f666f_-63b6,912345743,Australia,Northern Territory,Arnhem Coast to Gulf of Carpenteria,Central Indo-Pacific,Arafura,NT25,New Year Island anchorage,-10.91,133.02,22/10/2015,6,RLS,8,15:00:00,,,0,,Chordata,Actinopterygii,Perciformes,Caesionidae,Caesio cuning,Caesio cuning,15,60,6789.4854,POINT (133.02000427246094 -10.90999984741211)
ep_m0_off_transect_sighting_public_data.fid--462e4c35_197a05f666f_-63b5,912345743,Australia,Northern Territory,Arnhem Coast to Gulf of Carpenteria,Central Indo-Pacific,Arafura,NT25,New Year Island anchorage,-10.91,133.02,22/10/2015,6,RLS,8,15:00:00,,,0,,Chordata,Actinopterygii,Perciformes,Caesionidae,Caesio cuning,Caesio cuning,20,20,4998.1777,POINT (133.02000427246094 -10.90999984741211)
ep_m0_off_transect_sighting_public_data.fid--462e4c35_197a05f666f_-63b4,912345743,Australia,Northern Territory,Arnhem Coast to Gulf of Carpenteria,Central Indo-Pacific,Arafura,NT25,New Year Island anchorage,-10.91,133.02,22/10/2015,6,RLS,8,15:00:00,,,0,,Chordata,Actinopterygii,Perciformes,Labridae,Anampses lennardi,Anampses lennardi,15,1,119.776,POINT (133.02000427246094 -10.90999984741211)
ep_m0_off_transect_sighting_public_data.fid--462e4c35_197a05f666f_-63b3,912345743,Australia,Northern Territory,Arnhem Coast to Gulf of Carpenteria,Central Indo-Pacific,Arafura,NT25,New Year Island anchorage,-10.91,133.02,22/10/2015,6,RLS,8,15:00:00,,,0,,Chordata,Actinopterygii,Perciformes,Serranidae,Cromileptes altivelis,Serranid spp.,35,1,619.8708,POINT (133.02000427246094 -10.90999984741211)
ep_m0_off_transect_sighting_public_data.fid--462e4c35_197a05f666f_-63b2,912345743,Australia,Northern Territory,Arnhem Coast to Gulf of Carpenteria,Central Indo-Pacific,Arafura,NT25,New Year Island anchorage,-10.91,133.02,22/10/2015,6,RLS,8,15:00:00,,,0,,Chordata,Actinopterygii,Perciformes,Serranidae,Epinephelus malabaricus,Epinephelus malabaricus,87.5,1,8022.731,POINT (133.02000427246094 -10.90999984741211)
ep_m0_off_transect_sighting_public_data.fid--462e4c35_197a05f666f_-63b1,912345743,Australia,Northern Territory,Arnhem Coast to Gulf of Carpenteria,Central Indo-Pacific,Arafura,NT25,New Year Island anchorage,-10.91,133.02,22/10/2015,6,RLS,8,15:00:00,,,0,,Chordata,Actinopterygii,Perciformes,Serranidae,Plectropomus maculatus,Plectropomus maculatus,35,1,521.3262,POINT (133.02000427246094 -10.90999984741211)
ep_m0_off_transect_sighting_public_data.fid--462e4c35_197a05f666f_-63b0,912345743,Australia,Northern Territory,Arnhem Coast to Gulf of Carpenteria,Central Indo-Pacific,Arafura,NT25,New Year Island anchorage,-10.91,133.02,22/10/2015,6,RLS,8,15:00:00,,,0,,Chordata,Actinopterygii,Perciformes,Serranidae,Plectropomus maculatus,Plectropomus maculatus,40,3,1992.2933,POINT (133.02000427246094 -10.90999984741211)
ep_m0_off_transect_sighting_public_data.fid--462e4c35_197a05f666f_-63af,912345743,Australia,Northern Territory,Arnhem Coast to Gulf of Carpenteria,Central Indo-Pacific,Arafura,NT25,New Year Island anchorage,-10.91,133.02,22/10/2015,6,RLS,8,15:00:00,,,0,,Chordata,Actinopterygii,Perciformes,Serranidae,Plectropomus maculatus,Plectropomus maculatus,50,2,2645.0989,POINT (133.02000427246094 -10.90999984741211)
ep_m0_off_transect_sighting_public_data.fid--462e4c35_197a05f666f_-63ae,912345745,Australia,Northern Territory,Arnhem Coast to Gulf of Carpenteria,Central Indo-Pacific,Arafura,NT26,New Year Island East,-10.9,133.03,23/10/2015,5,RLS,10,11:00:00,,,0,,Chordata,Actinopterygii,Perciformes,Carangidae,Caranx ignobilis,Caranx ignobilis,62.5,6,17344.914,POINT (133.02999877929688 -10.899999618530273)
ep_m0_off_transect_sighting_public_data.fid--462e4c35_197a05f666f_-63ad,912345745,Australia,Northern Territory,Arnhem Coast to Gulf of Carpenteria,Central Indo-Pacific,Arafura,NT26,New Year Island East,-10.9,133.03,23/10/2015,5,RLS,10,11:00:00,,,0,,Chordata,Actinopterygii,Perciformes,Ephippidae,Platax teira,Platax teira,35,1,810.5651,POINT (133.02999877929688 -10.899999618530273)
ep_m0_off_transect_sighting_public_data.fid--462e4c35_197a05f666f_-63ac,912345745,Australia,Northern Territory,Arnhem Coast to Gulf of Carpenteria,Central Indo-Pacific,Arafura,NT26,New Year Island East,-10.9,133.03,23/10/2015,5,RLS,10,11:00:00,,,0,,Chordata,Actinopterygii,Perciformes,Labridae,Choerodon schoenleinii,Choerodon schoenleinii,50,1,1518.4883,POINT (133.02999877929688 -10.899999618530273)
ep_m0_off_transect_sighting_public_data.fid--462e4c35_197a05f666f_-63ab,912345746,Australia,Northern Territory,Arnhem Coast to Gulf of Carpenteria,Central Indo-Pacific,Arafura,NT26,New Year Island East,-10.9,133.03,23/10/2015,7,RLS,10,14:00:00,,,0,,Chordata,Actinopterygii,Perciformes,Carangidae,Carangoides fulvoguttatus,Carangoides fulvoguttatus,62.5,3,5656.691,POINT (133.02999877929688 -10.899999618530273)
ep_m0_off_transect_sighting_public_data.fid--462e4c35_197a05f666f_-63aa,912345746,Australia,Northern Territory,Arnhem Coast to Gulf of Carpenteria,Central Indo-Pacific,Arafura,NT26,New Year Island East,-10.9,133.03,23/10/2015,7,RLS,10,14:00:00,,,0,,Chordata,Actinopterygii,Perciformes,Carangidae,Scomberoides lysan,Scomberoides lysan,75,2,4789.976,POINT (133.02999877929688 -10.899999618530273)
ep_m0_off_transect_sighting_public_data.fid--462e4c35_197a05f666f_-63a9,912345746,Australia,Northern Territory,Arnhem Coast to Gulf of Carpenteria,Central Indo-Pacific,Arafura,NT26,New Year Island East,-10.9,133.03,23/10/2015,7,RLS,10,14:00:00,,,0,,Chordata,Actinopterygii,Perciformes,Haemulidae,Plectorhinchus multivittatus,Plectorhinchus multivittatus,35,1,644.7495,POINT (133.02999877929688 -10.899999618530273)
ep_m0_off_transect_sighting_public_data.fid--462e4c35_197a05f666f_-63a8,912345746,Australia,Northern Territory,Arnhem Coast to Gulf of Carpenteria,Central Indo-Pacific,Arafura,NT26,New Year Island East,-10.9,133.03,23/10/2015,7,RLS,10,14:00:00,,,0,,Chordata,Actinopterygii,Perciformes,Scombridae,Grammatorcynus bicarinatus,Grammatorcynus bicarinatus,40,1,552.3715,POINT (133.02999877929688 -10.899999618530273)
ep_m0_off_transect_sighting_public_data.fid--462e4c35_197a05f666f_-63a7,912345746,Australia,Northern Territory,Arnhem Coast to Gulf of Carpenteria,Central Indo-Pacific,Arafura,NT26,New Year Island East,-10.9,133.03,23/10/2015,7,RLS,10,14:00:00,,,0,,Chordata,Actinopterygii,Perciformes,Serranidae,Cephalopholis cyanostigma,Cephalopholis cyanostigma,20,1,183.2692,POINT (133.02999877929688 -10.899999618530273)
ep_m0_off_transect_sighting_public_data.fid--462e4c35_197a05f666f_-63a6,912345746,Australia,Northern Territory,Arnhem Coast to Gulf of Carpenteria,Central Indo-Pacific,Arafura,NT26,New Year Island East,-10.9,133.03,23/10/2015,7,RLS,10,14:00:00,,,0,,Chordata,Actinopterygii,Perciformes,Serranidae,Plectropomus maculatus,Plectropomus maculatus,40,2,1328.1956,POINT (133.02999877929688 -10.899999618530273)
ep_m0_off_transect_sighting_public_data.fid--462e4c35_197a05f666f_-63a5,912345746,Australia,Northern Territory,Arnhem Coast to Gulf of Carpenteria,Central Indo-Pacific,Arafura,NT26,New Year Island East,-10.9,133.03,23/10/2015,7,RLS,10,14:00:00,,,0,,Chordata,Actinopterygii,Perciformes,Siganidae,Siganus lineatus,Siganus lineatus,30,2,943.6736,POINT (133.02999877929688 -10.899999618530273)
ep_m0_off_transect_sighting_public_data.fid--462e4c35_197a05f666f_-63a4,912345746,Australia,Northern Territory,Arnhem Coast to Gulf of Carpenteria,Central Indo-Pacific,Arafura,NT26,New Year Island East,-10.9,133.03,23/10/2015,7,RLS,10,14:00:00,,,0,,Chordata,Actinopterygii,Perciformes,Sphyraenidae,Sphyraena barracuda,Sphyraena barracuda,87.5,1,3277.644,POINT (133.02999877929688 -10.899999618530273)
ep_m0_off_transect_sighting_public_data.fid--462e4c35_197a05f666f_-63a3,912345748,Australia,Northern Territory,Arnhem Coast to Gulf of Carpenteria,Central Indo-Pacific,Arafura,NT28,New Year Island light,-10.9,133.03,24/10/2015,3,RLS,10,14:00:00,,,0,,Chordata,Actinopterygii,Perciformes,Gobiidae,Cryptocentrus strigilliceps,Cryptocentrus strigilliceps,5,2,2.9209,POINT (133.02999877929688 -10.899999618530273)
ep_m0_off_transect_sighting_public_data.fid--462e4c35_197a05f666f_-63a2,912345750,Australia,Northern Territory,Arnhem Coast to Gulf of Carpenteria,Central Indo-Pacific,Arafura,NT29,New Year Island South West,-10.91,133.03,24/10/2015,8,RLS,7,14:00:00,,,0,,Chordata,Actinopterygii,Perciformes,Carangidae,Carangoides fulvoguttatus,Carangoides fulvoguttatus,50,6,5936.391,POINT (133.02999877929688 -10.90999984741211)
ep_m0_off_transect_sighting_public_data.fid--462e4c35_197a05f666f_-63a1,912345750,Australia,Northern Territory,Arnhem Coast to Gulf of Carpenteria,Central Indo-Pacific,Arafura,NT29,New Year Island South West,-10.91,133.03,24/10/2015,8,RLS,7,14:00:00,,,0,,Chordata,Actinopterygii,Perciformes,Carangidae,Caranx melampygus,Caranx melampygus,50,8,11434.728,POINT (133.02999877929688 -10.90999984741211)
ep_m0_off_transect_sighting_public_data.fid--462e4c35_197a05f666f_-63a0,912345750,Australia,Northern Territory,Arnhem Coast to Gulf of Carpenteria,Central Indo-Pacific,Arafura,NT29,New Year Island South West,-10.91,133.03,24/10/2015,8,RLS,7,14:00:00,,,0,,Chordata,Actinopterygii,Perciformes,Labridae,Epibulus insidiator,Epibulus insidiator,25,1,364.3856,POINT (133.02999877929688 -10.90999984741211)
ep_m0_off_transect_sighting_public_data.fid--462e4c35_197a05f666f_-639f,912345750,Australia,Northern Territory,Arnhem Coast to Gulf of Carpenteria,Central Indo-Pacific,Arafura,NT29,New Year Island South West,-10.91,133.03,24/10/2015,8,RLS,7,14:00:00,,,0,,Chordata,Actinopterygii,Perciformes,Lethrinidae,Lethrinus olivaceus,Lethrinus olivaceus,40,2,1360.6154,POINT (133.02999877929688 -10.90999984741211)
ep_m0_off_transect_sighting_public_data.fid--462e4c35_197a05f666f_-639e,912345750,Australia,Northern Territory,Arnhem Coast to Gulf of Carpenteria,Central Indo-Pacific,Arafura,NT29,New Year Island South West,-10.91,133.03,24/10/2015,8,RLS,7,14:00:00,,,0,,Chordata,Actinopterygii,Perciformes,Nemipteridae,Scolopsis monogramma,Scolopsis monogramma,25,1,423.8849,POINT (133.02999877929688 -10.90999984741211)
ep_m0_off_transect_sighting_public_data.fid--462e4c35_197a05f666f_-639d,912345750,Australia,Northern Territory,Arnhem Coast to Gulf of Carpenteria,Central Indo-Pacific,Arafura,NT29,New Year Island South West,-10.91,133.03,24/10/2015,8,RLS,7,14:00:00,,,0,,Chordata,Actinopterygii,Perciformes,Serranidae,Plectropomus maculatus,Plectropomus maculatus,20,1,166.1254,POINT (133.02999877929688 -10.90999984741211)
ep_m0_off_transect_sighting_public_data.fid--462e4c35_197a05f666f_-639c,912345750,Australia,Northern Territory,Arnhem Coast to Gulf of Carpenteria,Central Indo-Pacific,Arafura,NT29,New Year Island South West,-10.91,133.03,24/10/2015,8,RLS,7,14:00:00,,,0,,Chordata,Actinopterygii,Tetraodontiformes,Monacanthidae,Aluterus scriptus,Aluterus scriptus,50,2,3063.9563,POINT (133.02999877929688 -10.90999984741211)
ep_m0_off_transect_sighting_public_data.fid--462e4c35_197a05f666f_-639b,912345751,Australia,Northern Territory,Arnhem Coast to Gulf of Carpenteria,Central Indo-Pacific,Arafura,NT29,New Year Island South West,-10.91,133.03,24/10/2015,6,RLS,7,16:00:00,,,0,,Chordata,Elasmobranchii,Carcharhiniformes,Carcharhinidae,Triaenodon obesus,Triaenodon obesus,125,1,9627.771,POINT (133.02999877929688 -10.90999984741211)
ep_m0_off_transect_sighting_public_data.fid--462e4c35_197a05f666f_-639a,912345753,Australia,Northern Territory,Arnhem Coast to Gulf of Carpenteria,Central Indo-Pacific,Arnhem,NT30,Arnhem CMR Gadgets Reef North West,-11.29,133.8,25/10/2015,9,RLS,12,8:00:00,,,0,,Chordata,Actinopterygii,Tetraodontiformes,Tetraodontidae,Arothron stellatus,Arothron stellatus,75,1,9317.555,POINT (133.8000030517578 -11.289999961853027)
ep_m0_off_transect_sighting_public_data.fid--462e4c35_197a05f666f_-6399,912345757,Australia,Northern Territory,Arnhem Coast to Gulf of Carpenteria,Central Indo-Pacific,Arnhem,NT32,Arnham Shoal,-11.45,133.71,25/10/2015,12.5,RLS,4,15:00:00,,,0,,Chordata,Actinopterygii,Perciformes,Scombridae,Scomberomorus commerson,Scomberomorus commerson,87.5,5,17700.076,POINT (133.7100067138672 -11.449999809265137)
ep_m0_off_transect_sighting_public_data.fid--462e4c35_197a05f666f_-6398,912345758,Australia,Northern Territory,Arnhem Coast to Gulf of Carpenteria,Central Indo-Pacific,Arnhem,NT33,Paxie Shoal North West,-11.43,134.13,26/10/2015,16,RLS,6,8:00:00,,,0,,Chordata,Actinopterygii,Perciformes,Serranidae,Epinephelus merra,Epinephelus merra,25,1,260.5012,POINT (134.1300048828125 -11.430000305175781)
ep_m0_off_transect_sighting_public_data.fid--462e4c35_197a05f666f_-6397,912345763,Australia,Northern Territory,Arnhem Coast to Gulf of Carpenteria,Central Indo-Pacific,Wessel,NT35,Warrnga Reef,-11.94,135.6,29/10/2015,3,RLS,4,10:00:00,,,0,,Chordata,Actinopterygii,Perciformes,Serranidae,Epinephelus quoyanus,Epinephelus quoyanus,35,1,626.7698,POINT (135.60000610351562 -11.9399995803833)
ep_m0_off_transect_sighting_public_data.fid--462e4c35_197a05f666f_-6396,912345766,Australia,Northern Territory,Arnhem Coast to Gulf of Carpenteria,Central Indo-Pacific,Wessel,NT37,Truant Island SW,-11.67,136.81,1/11/2015,6,RLS,7,9:00:00,,,0,,Chordata,Actinopterygii,Perciformes,Pomacentridae,Amphiprion ocellaris,Amphiprion ocellaris,2.5,2,0.6331,POINT (136.80999755859375 -11.670000076293945)
ep_m0_off_transect_sighting_public_data.fid--462e4c35_197a05f666f_-6395,912345766,Australia,Northern Territory,Arnhem Coast to Gulf of Carpenteria,Central Indo-Pacific,Wessel,NT37,Truant Island SW,-11.67,136.81,1/11/2015,6,RLS,7,9:00:00,,,0,,Chordata,Actinopterygii,Perciformes,Pomacentridae,Amphiprion ocellaris,Amphiprion ocellaris,5,2,5.2073,POINT (136.80999755859375 -11.670000076293945)
ep_m0_off_transect_sighting_public_data.fid--462e4c35_197a05f666f_-6394,912345768,Australia,Northern Territory,Arnhem Coast to Gulf of Carpenteria,Central Indo-Pacific,Wessel,NT38,Truant Island N,-11.66,136.83,1/11/2015,5,RLS,5,12:00:00,,,0,,Chordata,Actinopterygii,Perciformes,Microdesmidae,Parioglossus interruptus,Parioglossus interruptus,2.5,50,5.9922,POINT (136.8300018310547 -11.65999984741211)
ep_m0_off_transect_sighting_public_data.fid--462e4c35_197a05f666f_-6393,912345770,Australia,Northern Territory,Arnhem Coast to Gulf of Carpenteria,Central Indo-Pacific,Wessel,NT39,Truant Island S,-11.68,136.82,1/11/2015,4.5,RLS,5,15:00:00,,,0,,Chordata,Actinopterygii,Perciformes,Lethrinidae,Lethrinus olivaceus,Lethrinus olivaceus,50,2,2667.1587,POINT (136.82000732421875 -11.680000305175781)
ep_m0_off_transect_sighting_public_data.fid--462e4c35_197a05f666f_-6392,912345770,Australia,Northern Territory,Arnhem Coast to Gulf of Carpenteria,Central Indo-Pacific,Wessel,NT39,Truant Island S,-11.68,136.82,1/11/2015,4.5,RLS,5,15:00:00,,,0,,Chordata,Actinopterygii,Perciformes,Scaridae,Chlorurus microrhinos,Chlorurus microrhinos,50,3,5231.7944,POINT (136.82000732421875 -11.680000305175781)
ep_m0_off_transect_sighting_public_data.fid--462e4c35_197a05f666f_-6391,912345771,Australia,Northern Territory,Arnhem Coast to Gulf of Carpenteria,Central Indo-Pacific,Wessel,NT39,Truant Island S,-11.68,136.82,1/11/2015,5,RLS,5,15:00:00,,,0,,Chordata,Actinopterygii,Perciformes,Pomacentridae,Amphiprion ocellaris,Amphiprion ocellaris,5,1,2.6036,POINT (136.82000732421875 -11.680000305175781)
ep_m0_off_transect_sighting_public_data.fid--462e4c35_197a05f666f_-6390,912345771,Australia,Northern Territory,Arnhem Coast to Gulf of Carpenteria,Central Indo-Pacific,Wessel,NT39,Truant Island S,-11.68,136.82,1/11/2015,5,RLS,5,15:00:00,,,0,,Chordata,Actinopterygii,Perciformes,Pomacentridae,Amphiprion ocellaris,Amphiprion ocellaris,7.5,2,17.8619,POINT (136.82000732421875 -11.680000305175781)
ep_m0_off_transect_sighting_public_data.fid--462e4c35_197a05f666f_-638f,912345772,Australia,Northern Territory,Arnhem Coast to Gulf of Carpenteria,Central Indo-Pacific,Wessel,NT40,Truant Bank SW,-11.65,136.91,2/11/2015,14,RLS,5,8:00:00,,,0,,Chordata,Actinopterygii,Perciformes,Sphyraenidae,Sphyraena qenie,Sphyraena qenie,75,200,340648.2,POINT (136.91000366210938 -11.649999618530273)
ep_m0_off_transect_sighting_public_data.fid--462e4c35_197a05f666f_-638e,912345774,Australia,Northern Territory,Arnhem Coast to Gulf of Carpenteria,Central Indo-Pacific,Wessel,NT41,Truant Bank SE,-11.63,136.93,2/11/2015,13,RLS,7,10:00:00,,,0,,Chordata,Actinopterygii,Perciformes,Lutjanidae,Aprion virescens,Aprion virescens,75,1,3771.0396,POINT (136.92999267578125 -11.630000114440918)
ep_m0_off_transect_sighting_public_data.fid--462e4c35_197a05f666f_-638d,912345774,Australia,Northern Territory,Arnhem Coast to Gulf of Carpenteria,Central Indo-Pacific,Wessel,NT41,Truant Bank SE,-11.63,136.93,2/11/2015,13,RLS,7,10:00:00,,,0,,Chordata,Actinopterygii,Perciformes,Serranidae,Epinephelus maculatus,Epinephelus maculatus,30,1,318.4972,POINT (136.92999267578125 -11.630000114440918)
ep_m0_off_transect_sighting_public_data.fid--462e4c35_197a05f666f_-638c,912345774,Australia,Northern Territory,Arnhem Coast to Gulf of Carpenteria,Central Indo-Pacific,Wessel,NT41,Truant Bank SE,-11.63,136.93,2/11/2015,13,RLS,7,10:00:00,,,0,,Chordata,Actinopterygii,Perciformes,Serranidae,Epinephelus malabaricus,Epinephelus malabaricus,62.5,1,2864.0942,POINT (136.92999267578125 -11.630000114440918)
ep_m0_off_transect_sighting_public_data.fid--462e4c35_197a05f666f_-638b,912345774,Australia,Northern Territory,Arnhem Coast to Gulf of Carpenteria,Central Indo-Pacific,Wessel,NT41,Truant Bank SE,-11.63,136.93,2/11/2015,13,RLS,7,10:00:00,,,0,,Echinodermata,Asteroidea,Spinulosida,Acanthasteridae,Acanthaster planci,Acanthaster planci,0,1,,POINT (136.92999267578125 -11.630000114440918)
ep_m0_off_transect_sighting_public_data.fid--462e4c35_197a05f666f_-638a,912345775,Australia,Northern Territory,Arnhem Coast to Gulf of Carpenteria,Central Indo-Pacific,Wessel,NT41,Truant Bank SE,-11.63,136.93,2/11/2015,11,RLS,7,10:00:00,,,0,,Chordata,Actinopterygii,Perciformes,Serranidae,Cromileptes altivelis,Serranid spp.,50,1,1325.19,POINT (136.92999267578125 -11.630000114440918)
ep_m0_off_transect_sighting_public_data.fid--462e4c35_197a05f666f_-6389,912345775,Australia,Northern Territory,Arnhem Coast to Gulf of Carpenteria,Central Indo-Pacific,Wessel,NT41,Truant Bank SE,-11.63,136.93,2/11/2015,11,RLS,7,10:00:00,,,0,,Chordata,Actinopterygii,Perciformes,Serranidae,Epinephelus spp.,Epinephelus spp.,40,1,790.7306,POINT (136.92999267578125 -11.630000114440918)
ep_m0_off_transect_sighting_public_data.fid--462e4c35_197a05f666f_-6388,912345778,Australia,Northern Territory,Arnhem Coast to Gulf of Carpenteria,Central Indo-Pacific,Wessel,NT43,Buccaneer Shoal,-11.62,136.88,3/11/2015,14,RLS,6,10:00:00,,,0,,Chordata,Actinopterygii,Tetraodontiformes,Tetraodontidae,Arothron stellatus,Arothron stellatus,40,1,1515.6244,POINT (136.8800048828125 -11.619999885559082)
ep_m0_off_transect_sighting_public_data.fid--462e4c35_197a05f666f_-6387,912345781,Australia,Northern Territory,Arnhem Coast to Gulf of Carpenteria,Central Indo-Pacific,Carpentaria,NT44,East Bremer Islet bay,-12.09,136.87,3/11/2015,1.8,RLS,5,16:00:00,,,0,,Chordata,Actinopterygii,Perciformes,Haemulidae,Plectorhinchus polytaenia,Plectorhinchus polytaenia,35,1,743.3669,POINT (136.8699951171875 -12.09000015258789)
ep_m0_off_transect_sighting_public_data.fid--462e4c35_197a05f666f_-6386,912345784,Australia,Northern Territory,Arnhem Coast to Gulf of Carpenteria,Central Indo-Pacific,Carpentaria,NT46,East Bremer Islet SW,-12.09,136.87,4/11/2015,3,RLS,4,11:00:00,,,0,,Chordata,Actinopterygii,Perciformes,Microdesmidae,Parioglossus interruptus,Parioglossus interruptus,2.5,200,23.9689,POINT (136.8699951171875 -12.09000015258789)
ep_m0_off_transect_sighting_public_data.fid--462e4c35_197a05f666f_-6385,912345785,Australia,Northern Territory,Arnhem Coast to Gulf of Carpenteria,Central Indo-Pacific,Carpentaria,NT46,East Bremer Islet SW,-12.09,136.87,4/11/2015,2,RLS,4,11:00:00,,,0,,Chordata,Actinopterygii,Perciformes,Microdesmidae,Parioglossus interruptus,Parioglossus interruptus,2.5,50,5.9922,POINT (136.8699951171875 -12.09000015258789)
ep_m0_off_transect_sighting_public_data.fid--462e4c35_197a05f666f_-6384,912345786,Australia,Northern Territory,Arnhem Coast to Gulf of Carpenteria,Central Indo-Pacific,Carpentaria,NT47,Bremer Islet anchorage,-12.09,136.86,4/11/2015,4,RLS,5,10:00:00,-12.16,136.11,0,,Arthropoda,Malacostraca,Decapoda,Palinuridae,Panulirus versicolor,Panulirus versicolor,10,2,,POINT (136.11 -12.16)
ep_m0_off_transect_sighting_public_data.fid--462e4c35_197a05f666f_-6383,912345786,Australia,Northern Territory,Arnhem Coast to Gulf of Carpenteria,Central Indo-Pacific,Carpentaria,NT47,Bremer Islet anchorage,-12.09,136.86,4/11/2015,4,RLS,5,10:00:00,-12.16,136.11,0,,Arthropoda,Malacostraca,Decapoda,Palinuridae,Panulirus versicolor,Panulirus versicolor,12.5,2,,POINT (136.11 -12.16)
ep_m0_off_transect_sighting_public_data.fid--462e4c35_197a05f666f_-6382,912345786,Australia,Northern Territory,Arnhem Coast to Gulf of Carpenteria,Central Indo-Pacific,Carpentaria,NT47,Bremer Islet anchorage,-12.09,136.86,4/11/2015,4,RLS,5,10:00:00,-12.16,136.11,0,,Chordata,Actinopterygii,Beryciformes,Holocentridae,Sargocentron caudimaculatum,Sargocentron caudimaculatum,15,1,131.3318,POINT (136.11 -12.16)
ep_m0_off_transect_sighting_public_data.fid--462e4c35_197a05f666f_-6381,912345786,Australia,Northern Territory,Arnhem Coast to Gulf of Carpenteria,Central Indo-Pacific,Carpentaria,NT47,Bremer Islet anchorage,-12.09,136.86,4/11/2015,4,RLS,5,10:00:00,-12.16,136.11,0,,Chordata,Actinopterygii,Perciformes,Pomacanthidae,Pomacanthus sexstriatus,Pomacanthus sexstriatus,30,1,693.4547,POINT (136.11 -12.16)
ep_m0_off_transect_sighting_public_data.fid--462e4c35_197a05f666f_-6380,912345789,Australia,Northern Territory,Arnhem Coast to Gulf of Carpenteria,Central Indo-Pacific,Carpentaria,NT49,Bonner Rocks NE,-12.06,136.61,5/11/2015,10,RLS,15,12:00:00,,,0,,Chordata,Actinopterygii,Perciformes,Microdesmidae,Parioglossus interruptus,Parioglossus interruptus,2.5,111,13.3027,POINT (136.61000061035156 -12.0600004196167)
ep_m0_off_transect_sighting_public_data.fid--462e4c35_197a05f666f_-637f,912345790,Australia,Northern Territory,Arnhem Coast to Gulf of Carpenteria,Central Indo-Pacific,Carpentaria,NT49,Bonner Rocks NE,-12.06,136.61,5/11/2015,8,RLS,15,12:00:00,,,0,,Chordata,Actinopterygii,Perciformes,Microdesmidae,Parioglossus interruptus,Parioglossus interruptus,2.5,79,9.4677,POINT (136.61000061035156 -12.0600004196167)
ep_m0_off_transect_sighting_public_data.fid--462e4c35_197a05f666f_-637e,912345791,Australia,Northern Territory,Arnhem Coast to Gulf of Carpenteria,Central Indo-Pacific,Carpentaria,NT50,Bonner Rocks NW,-12.06,136.61,5/11/2015,5,RLS,12,12:00:00,,,0,,Chordata,Actinopterygii,Perciformes,Microdesmidae,Parioglossus interruptus,Parioglossus interruptus,5,20,20.8383,POINT (136.61000061035156 -12.0600004196167)
ep_m0_off_transect_sighting_public_data.fid--462e4c35_197a05f666f_-637d,912345791,Australia,Northern Territory,Arnhem Coast to Gulf of Carpenteria,Central Indo-Pacific,Carpentaria,NT50,Bonner Rocks NW,-12.06,136.61,5/11/2015,5,RLS,12,12:00:00,,,0,,Chordata,Actinopterygii,Perciformes,Pomacentridae,Amphiprion ocellaris,Amphiprion ocellaris,5,1,2.6036,POINT (136.61000061035156 -12.0600004196167)
ep_m0_off_transect_sighting_public_data.fid--462e4c35_197a05f666f_-637c,912345791,Australia,Northern Territory,Arnhem Coast to Gulf of Carpenteria,Central Indo-Pacific,Carpentaria,NT50,Bonner Rocks NW,-12.06,136.61,5/11/2015,5,RLS,12,12:00:00,,,0,,Chordata,Actinopterygii,Perciformes,Pomacentridae,Amphiprion ocellaris,Amphiprion ocellaris,10,1,21.4147,POINT (136.61000061035156 -12.0600004196167)
ep_m0_off_transect_sighting_public_data.fid--462e4c35_197a05f666f_-637b,912345792,Australia,Northern Territory,Arnhem Coast to Gulf of Carpenteria,Central Indo-Pacific,Carpentaria,NT50,Bonner Rocks NW,-12.06,136.61,5/11/2015,6,RLS,12,12:00:00,,,0,,Chordata,Actinopterygii,Perciformes,Carangidae,Caranx sexfasciatus,Caranx sexfasciatus,20,30,5899.58,POINT (136.61000061035156 -12.0600004196167)
ep_m0_off_transect_sighting_public_data.fid--462e4c35_197a05f666f_-637a,912345792,Australia,Northern Territory,Arnhem Coast to Gulf of Carpenteria,Central Indo-Pacific,Carpentaria,NT50,Bonner Rocks NW,-12.06,136.61,5/11/2015,6,RLS,12,12:00:00,,,0,,Chordata,Actinopterygii,Perciformes,Carangidae,Caranx sexfasciatus,Caranx sexfasciatus,25,80,23773.191,POINT (136.61000061035156 -12.0600004196167)
ep_m0_off_transect_sighting_public_data.fid--462e4c35_197a05f666f_-6379,912345792,Australia,Northern Territory,Arnhem Coast to Gulf of Carpenteria,Central Indo-Pacific,Carpentaria,NT50,Bonner Rocks NW,-12.06,136.61,5/11/2015,6,RLS,12,12:00:00,,,0,,Chordata,Actinopterygii,Perciformes,Carangidae,Caranx sexfasciatus,Caranx sexfasciatus,30,40,17239.986,POINT (136.61000061035156 -12.0600004196167)
ep_m0_off_transect_sighting_public_data.fid--462e4c35_197a05f666f_-6378,912345792,Australia,Northern Territory,Arnhem Coast to Gulf of Carpenteria,Central Indo-Pacific,Carpentaria,NT50,Bonner Rocks NW,-12.06,136.61,5/11/2015,6,RLS,12,12:00:00,,,0,,Chordata,Actinopterygii,Perciformes,Ephippidae,Platax orbicularis,Platax orbicularis,30,1,775.008,POINT (136.61000061035156 -12.0600004196167)
ep_m0_off_transect_sighting_public_data.fid--462e4c35_197a05f666f_-6377,912345792,Australia,Northern Territory,Arnhem Coast to Gulf of Carpenteria,Central Indo-Pacific,Carpentaria,NT50,Bonner Rocks NW,-12.06,136.61,5/11/2015,6,RLS,12,12:00:00,,,0,,Chordata,Actinopterygii,Perciformes,Haemulidae,Plectorhinchus chaetodonoides,Plectorhinchus chaetodonoides,50,1,1566.8167,POINT (136.61000061035156 -12.0600004196167)
ep_m0_off_transect_sighting_public_data.fid--462e4c35_197a05f666f_-6376,912345792,Australia,Northern Territory,Arnhem Coast to Gulf of Carpenteria,Central Indo-Pacific,Carpentaria,NT50,Bonner Rocks NW,-12.06,136.61,5/11/2015,6,RLS,12,12:00:00,,,0,,Chordata,Actinopterygii,Gonorynchiformes,Chanidae,Chanos chanos,Chanos chanos,125,1,17345.93,POINT (136.61000061035156 -12.0600004196167)
ep_m0_off_transect_sighting_public_data.fid--462e4c35_197a05f666f_-6375,912345792,Australia,Northern Territory,Arnhem Coast to Gulf of Carpenteria,Central Indo-Pacific,Carpentaria,NT50,Bonner Rocks NW,-12.06,136.61,5/11/2015,6,RLS,12,12:00:00,,,0,,Chordata,Actinopterygii,Perciformes,Microdesmidae,Parioglossus interruptus,Parioglossus interruptus,5,100,104.1913,POINT (136.61000061035156 -12.0600004196167)
ep_m0_off_transect_sighting_public_data.fid--462e4c35_197a05f666f_-6374,912345792,Australia,Northern Territory,Arnhem Coast to Gulf of Carpenteria,Central Indo-Pacific,Carpentaria,NT50,Bonner Rocks NW,-12.06,136.61,5/11/2015,6,RLS,12,12:00:00,,,0,,Chordata,Actinopterygii,Perciformes,Microdesmidae,Parioglossus interruptus,Parioglossus interruptus,7.5,20,73.8357,POINT (136.61000061035156 -12.0600004196167)
ep_m0_off_transect_sighting_public_data.fid--462e4c35_197a05f666f_-6373,912345792,Australia,Northern Territory,Arnhem Coast to Gulf of Carpenteria,Central Indo-Pacific,Carpentaria,NT50,Bonner Rocks NW,-12.06,136.61,5/11/2015,6,RLS,12,12:00:00,,,0,,Chordata,Elasmobranchii,Carcharhiniformes,Carcharhinidae,Triaenodon obesus,Triaenodon obesus,75,1,1938.9486,POINT (136.61000061035156 -12.0600004196167)
ep_m0_off_transect_sighting_public_data.fid--462e4c35_197a05f666f_-6372,912345793,Australia,Northern Territory,Arnhem Coast to Gulf of Carpenteria,Central Indo-Pacific,Carpentaria,NT51,Bremer Island west,-12.11,136.79,6/11/2015,2,RLS,5,16:00:00,,,0,,Chordata,Actinopterygii,Perciformes,Labridae,Choerodon vitta,Choerodon vitta,30,2,858.6072,POINT (136.7899932861328 -12.109999656677246)
ep_m0_off_transect_sighting_public_data.fid--462e4c35_197a05f666f_-6371,912345793,Australia,Northern Territory,Arnhem Coast to Gulf of Carpenteria,Central Indo-Pacific,Carpentaria,NT51,Bremer Island west,-12.11,136.79,6/11/2015,2,RLS,5,16:00:00,,,0,,Chordata,Actinopterygii,Perciformes,Pomacentridae,Amphiprion ocellaris,Amphiprion ocellaris,5,2,5.2073,POINT (136.7899932861328 -12.109999656677246)
ep_m0_off_transect_sighting_public_data.fid--462e4c35_197a05f666f_-6370,912345793,Australia,Northern Territory,Arnhem Coast to Gulf of Carpenteria,Central Indo-Pacific,Carpentaria,NT51,Bremer Island west,-12.11,136.79,6/11/2015,2,RLS,5,16:00:00,,,0,,Chordata,Actinopterygii,Perciformes,Pomacentridae,Amphiprion rubrocinctus,Amphiprion rubrocinctus,7.5,2,17.8619,POINT (136.7899932861328 -12.109999656677246)
ep_m0_off_transect_sighting_public_data.fid--462e4c35_197a05f666f_-636f,912345793,Australia,Northern Territory,Arnhem Coast to Gulf of Carpenteria,Central Indo-Pacific,Carpentaria,NT51,Bremer Island west,-12.11,136.79,6/11/2015,2,RLS,5,16:00:00,,,0,,Chordata,Actinopterygii,Perciformes,Pomacentridae,Cheiloprion labiatus,Cheiloprion labiatus,5,1,4.7256,POINT (136.7899932861328 -12.109999656677246)
ep_m0_off_transect_sighting_public_data.fid--462e4c35_197a05f666f_-636e,912345793,Australia,Northern Territory,Arnhem Coast to Gulf of Carpenteria,Central Indo-Pacific,Carpentaria,NT51,Bremer Island west,-12.11,136.79,6/11/2015,2,RLS,5,16:00:00,,,0,,Chordata,Actinopterygii,Siluriformes,Plotosidae,Paraplotosus butleri,Paraplotosus butleri,30,1,163.0879,POINT (136.7899932861328 -12.109999656677246)
ep_m0_off_transect_sighting_public_data.fid--462e4c35_197a05f666f_-636d,912345793,Australia,Northern Territory,Arnhem Coast to Gulf of Carpenteria,Central Indo-Pacific,Carpentaria,NT51,Bremer Island west,-12.11,136.79,6/11/2015,2,RLS,5,16:00:00,,,0,,Chordata,Actinopterygii,Tetraodontiformes,Ostraciidae,Anoplocapros lenticularis,Anoplocapros lenticularis,25,1,396.9038,POINT (136.7899932861328 -12.109999656677246)
ep_m0_off_transect_sighting_public_data.fid--462e4c35_197a05f666f_-636c,912345794,Australia,Northern Territory,Arnhem Coast to Gulf of Carpenteria,Central Indo-Pacific,Carpentaria,NT51,Bremer Island west,-12.11,136.79,6/11/2015,1.5,RLS,8,16:00:00,,,0,,Mollusca,Gastropoda,Neogastropoda,Volutidae,Melo amphora,Melo amphora,0,1,,POINT (136.7899932861328 -12.109999656677246)
ep_m0_off_transect_sighting_public_data.fid--462e4c35_197a05f666f_-636b,912345795,Australia,Northern Territory,Arnhem Coast to Gulf of Carpenteria,Central Indo-Pacific,Carpentaria,NT52,Dudley Island SE,-12.89,136.73,7/11/2015,5,RLS,5,9:00:00,,,0,,Arthropoda,Malacostraca,Decapoda,Palinuridae,Panulirus versicolor,Panulirus versicolor,15,1,,POINT (136.72999572753906 -12.890000343322754)
ep_m0_off_transect_sighting_public_data.fid--462e4c35_197a05f666f_-636a,912345795,Australia,Northern Territory,Arnhem Coast to Gulf of Carpenteria,Central Indo-Pacific,Carpentaria,NT52,Dudley Island SE,-12.89,136.73,7/11/2015,5,RLS,5,9:00:00,,,0,,Chordata,Actinopterygii,Perciformes,Scaridae,Chlorurus microrhinos,Chlorurus microrhinos,50,1,1743.9315,POINT (136.72999572753906 -12.890000343322754)
ep_m0_off_transect_sighting_public_data.fid--462e4c35_197a05f666f_-6369,912345799,Australia,Northern Territory,Arnhem Coast to Gulf of Carpenteria,Central Indo-Pacific,Carpentaria,NT54,Dudley Rock,-12.88,136.71,7/11/2015,5,RLS,6,12:00:00,,,0,,Chordata,Actinopterygii,Gonorynchiformes,Chanidae,Chanos chanos,Chanos chanos,50,2,2084.8215,POINT (136.7100067138672 -12.880000114440918)
ep_m0_off_transect_sighting_public_data.fid--462e4c35_197a05f666f_-6368,912345799,Australia,Northern Territory,Arnhem Coast to Gulf of Carpenteria,Central Indo-Pacific,Carpentaria,NT54,Dudley Rock,-12.88,136.71,7/11/2015,5,RLS,6,12:00:00,,,0,,Chordata,Actinopterygii,Perciformes,Carangidae,Caranx ignobilis,Caranx ignobilis,62.5,2,5781.638,POINT (136.7100067138672 -12.880000114440918)
ep_m0_off_transect_sighting_public_data.fid--462e4c35_197a05f666f_-6367,912345799,Australia,Northern Territory,Arnhem Coast to Gulf of Carpenteria,Central Indo-Pacific,Carpentaria,NT54,Dudley Rock,-12.88,136.71,7/11/2015,5,RLS,6,12:00:00,,,0,,Chordata,Actinopterygii,Perciformes,Ephippidae,Platax orbicularis,Platax orbicularis,40,1,1353.3557,POINT (136.7100067138672 -12.880000114440918)
ep_m0_off_transect_sighting_public_data.fid--462e4c35_197a05f666f_-6366,912345799,Australia,Northern Territory,Arnhem Coast to Gulf of Carpenteria,Central Indo-Pacific,Carpentaria,NT54,Dudley Rock,-12.88,136.71,7/11/2015,5,RLS,6,12:00:00,,,0,,Chordata,Actinopterygii,Perciformes,Labridae,Anampses lennardi,Anampses lennardi,25,1,396.9038,POINT (136.7100067138672 -12.880000114440918)
ep_m0_off_transect_sighting_public_data.fid--462e4c35_197a05f666f_-6365,912345799,Australia,Northern Territory,Arnhem Coast to Gulf of Carpenteria,Central Indo-Pacific,Carpentaria,NT54,Dudley Rock,-12.88,136.71,7/11/2015,5,RLS,6,12:00:00,,,0,,Chordata,Actinopterygii,Perciformes,Serranidae,Cromileptes altivelis,Serranid spp.,50,1,1325.19,POINT (136.7100067138672 -12.880000114440918)
ep_m0_off_transect_sighting_public_data.fid--462e4c35_197a05f666f_-6364,912345799,Australia,Northern Territory,Arnhem Coast to Gulf of Carpenteria,Central Indo-Pacific,Carpentaria,NT54,Dudley Rock,-12.88,136.71,7/11/2015,5,RLS,6,12:00:00,,,0,,Chordata,Elasmobranchii,Carcharhiniformes,Carcharhinidae,Carcharhinus amblyrhynchos,Carcharhinus amblyrhynchos,75,1,2867.9153,POINT (136.7100067138672 -12.880000114440918)
ep_m0_off_transect_sighting_public_data.fid--462e4c35_197a05f666f_-6363,912345799,Australia,Northern Territory,Arnhem Coast to Gulf of Carpenteria,Central Indo-Pacific,Carpentaria,NT54,Dudley Rock,-12.88,136.71,7/11/2015,5,RLS,6,12:00:00,,,0,,Chordata,Elasmobranchii,Carcharhiniformes,Carcharhinidae,Carcharhinus amblyrhynchos,Carcharhinus amblyrhynchos,87.5,1,4643.321,POINT (136.7100067138672 -12.880000114440918)
ep_m0_off_transect_sighting_public_data.fid--462e4c35_197a05f666f_-6362,912345801,Australia,Northern Territory,Arnhem Coast to Gulf of Carpenteria,Central Indo-Pacific,Carpentaria,NT55,Brady Rock,-13.68,136.45,8/11/2015,8,RLS,5,8:00:00,,,0,,Chordata,Actinopterygii,Perciformes,Carangidae,Gnathanodon speciosus,Gnathanodon speciosus,5,6,16.2734,POINT (136.4499969482422 -13.680000305175781)
ep_m0_off_transect_sighting_public_data.fid--462e4c35_197a05f666f_-6361,912345801,Australia,Northern Territory,Arnhem Coast to Gulf of Carpenteria,Central Indo-Pacific,Carpentaria,NT55,Brady Rock,-13.68,136.45,8/11/2015,8,RLS,5,8:00:00,,,0,,Chordata,Actinopterygii,Perciformes,Serranidae,Epinephelus lanceolatus,Epinephelus lanceolatus,137.5,1,28410.645,POINT (136.4499969482422 -13.680000305175781)
ep_m0_off_transect_sighting_public_data.fid--462e4c35_197a05f666f_-6360,912345802,Australia,Northern Territory,Arnhem Coast to Gulf of Carpenteria,Central Indo-Pacific,Carpentaria,NT55,Brady Rock,-13.68,136.45,8/11/2015,10,RLS,5,8:00:00,,,0,,Chordata,Actinopterygii,Perciformes,Microdesmidae,Parioglossus interruptus,Parioglossus interruptus,5,100,104.1913,POINT (136.4499969482422 -13.680000305175781)
ep_m0_off_transect_sighting_public_data.fid--462e4c35_197a05f666f_-635f,912345803,Australia,Northern Territory,Arnhem Coast to Gulf of Carpenteria,Central Indo-Pacific,Carpentaria,NT56,Cape Beatrice SW,-14.31,136.89,11/11/2015,4.5,RLS,5,10:00:00,,,0,,Chordata,Actinopterygii,Perciformes,Microdesmidae,Ptereleotris microlepis,Ptereleotris microlepis,7.5,1,3.6918,POINT (136.88999938964844 -14.3100004196167)
ep_m0_off_transect_sighting_public_data.fid--462e4c35_197a05f666f_-635e,912345805,Australia,Northern Territory,Arnhem Coast to Gulf of Carpenteria,Central Indo-Pacific,Carpentaria,NT57,Cape Beatrice South,-14.31,136.89,11/11/2015,3,RLS,8,8:00:00,,,0,,Chordata,Actinopterygii,Perciformes,Sphyraenidae,Sphyraena barracuda,Sphyraena barracuda,62.5,1,1218.5038,POINT (136.88999938964844 -14.3100004196167)
ep_m0_off_transect_sighting_public_data.fid--462e4c35_197a05f666f_-635d,912345809,Australia,Northern Territory,Arnhem Coast to Gulf of Carpenteria,Central Indo-Pacific,Carpentaria,NT59,Cape Beatrice Islet West,-14.35,136.94,11/11/2015,7,RLS,7,13:00:00,,,0,,Chordata,Actinopterygii,Perciformes,Microdesmidae,Parioglossus interruptus,Parioglossus interruptus,2.5,114,13.6623,POINT (136.94000244140625 -14.350000381469727)
ep_m0_off_transect_sighting_public_data.fid--462e4c35_197a05f666f_-635c,912345816,Australia,Queensland,Arnhem Coast to Gulf of Carpenteria,Central Indo-Pacific,Carpentaria,GC7,Steves Bommie,-16.29,139.42,14/11/2015,10,RLS,10,14:00:00,,,0,,Chordata,Actinopterygii,Perciformes,Microdesmidae,Ptereleotris microlepis,Ptereleotris microlepis,5,6,6.2515,POINT (139.4199981689453 -16.290000915527344)
ep_m0_off_transect_sighting_public_data.fid--462e4c35_197a05f666f_-635b,912345818,Australia,Queensland,Arnhem Coast to Gulf of Carpenteria,Central Indo-Pacific,Carpentaria,GC9,Manowar Island,-16.23,139.25,14/11/2015,5,RLS,12,7:00:00,,,0,,Chordata,Actinopterygii,Perciformes,Microdesmidae,Ptereleotris microlepis,Ptereleotris microlepis,5,8,8.3353,POINT (139.25 -16.229999542236328)
ep_m0_off_transect_sighting_public_data.fid--462e4c35_197a05f666f_-635a,912345819,Australia,Queensland,Arnhem Coast to Gulf of Carpenteria,Central Indo-Pacific,Carpentaria,GC9,Manowar Island,-16.23,139.25,14/11/2015,4.5,RLS,12,7:00:00,,,0,,Chordata,Actinopterygii,Perciformes,Microdesmidae,Ptereleotris microlepis,Ptereleotris microlepis,7.5,10,36.9178,POINT (139.25 -16.229999542236328)
ep_m0_off_transect_sighting_public_data.fid--462e4c35_197a05f666f_-6359,912345820,Australia,Queensland,Arnhem Coast to Gulf of Carpenteria,Central Indo-Pacific,Carpentaria,GC8,Glasseye Reef,-16.24,139.6,15/11/2015,14,RLS,7,7:00:00,,,0,,Chordata,Actinopterygii,Perciformes,Microdesmidae,Parioglossus interruptus,Parioglossus interruptus,2.5,114,13.6623,POINT (139.60000610351562 -16.239999771118164)
ep_m0_off_transect_sighting_public_data.fid--462e4c35_197a05f666f_-6358,912345821,Australia,Queensland,Arnhem Coast to Gulf of Carpenteria,Central Indo-Pacific,Carpentaria,GC8,Glasseye Reef,-16.24,139.6,15/11/2015,12.5,RLS,6,7:00:00,,,0,,Chordata,Actinopterygii,Perciformes,Microdesmidae,Ptereleotris microlepis,Ptereleotris microlepis,7.5,2,7.3836,POINT (139.60000610351562 -16.239999771118164)
ep_m0_off_transect_sighting_public_data.fid--462e4c35_197a05f666f_-6357,912345821,Australia,Queensland,Arnhem Coast to Gulf of Carpenteria,Central Indo-Pacific,Carpentaria,GC8,Glasseye Reef,-16.24,139.6,15/11/2015,12.5,RLS,6,7:00:00,,,0,,Chordata,Actinopterygii,Perciformes,Microdesmidae,Ptereleotris microlepis,Ptereleotris microlepis,10,2,18.1165,POINT (139.60000610351562 -16.239999771118164)
ep_m0_off_transect_sighting_public_data.fid--462e4c35_197a05f666f_-6356,912345822,Australia,Queensland,Arnhem Coast to Gulf of Carpenteria,Central Indo-Pacific,Carpentaria,GC12,Carpentaria Reef SW,-15.52,140.12,16/11/2015,20,RLS,6,8:00:00,,,0,,Chordata,Actinopterygii,Perciformes,Microdesmidae,Ptereleotris microlepis,Ptereleotris microlepis,5,2,2.0838,POINT (140.1199951171875 -15.520000457763672)
ep_m0_off_transect_sighting_public_data.fid--462e4c35_197a05f666f_-6355,912345822,Australia,Queensland,Arnhem Coast to Gulf of Carpenteria,Central Indo-Pacific,Carpentaria,GC12,Carpentaria Reef SW,-15.52,140.12,16/11/2015,20,RLS,6,8:00:00,,,0,,Chordata,Actinopterygii,Perciformes,Microdesmidae,Ptereleotris microlepis,Ptereleotris microlepis,5,3,3.1257,POINT (140.1199951171875 -15.520000457763672)
ep_m0_off_transect_sighting_public_data.fid--462e4c35_197a05f666f_-6354,912345823,Australia,Queensland,Arnhem Coast to Gulf of Carpenteria,Central Indo-Pacific,Carpentaria,GC12,Carpentaria Reef SW,-15.52,140.12,16/11/2015,21,RLS,7,8:00:00,,,0,,Chordata,Actinopterygii,Perciformes,Microdesmidae,Ptereleotris microlepis,Ptereleotris microlepis,10,2,18.1165,POINT (140.1199951171875 -15.520000457763672)
ep_m0_off_transect_sighting_public_data.fid--462e4c35_197a05f666f_-6353,912345823,Australia,Queensland,Arnhem Coast to Gulf of Carpenteria,Central Indo-Pacific,Carpentaria,GC12,Carpentaria Reef SW,-15.52,140.12,16/11/2015,21,RLS,7,8:00:00,,,0,,Chordata,Actinopterygii,Perciformes,Serranidae,Epinephelus malabaricus,Epinephelus malabaricus,125,1,23910.01,POINT (140.1199951171875 -15.520000457763672)
ep_m0_off_transect_sighting_public_data.fid--462e4c35_197a05f666f_-6352,912345823,Australia,Queensland,Arnhem Coast to Gulf of Carpenteria,Central Indo-Pacific,Carpentaria,GC12,Carpentaria Reef SW,-15.52,140.12,16/11/2015,21,RLS,7,8:00:00,,,0,,Chordata,Actinopterygii,Perciformes,Serranidae,Epinephelus malabaricus,Epinephelus malabaricus,137.5,1,31953.18,POINT (140.1199951171875 -15.520000457763672)
ep_m0_off_transect_sighting_public_data.fid--462e4c35_197a05f666f_-6351,912345823,Australia,Queensland,Arnhem Coast to Gulf of Carpenteria,Central Indo-Pacific,Carpentaria,GC12,Carpentaria Reef SW,-15.52,140.12,16/11/2015,21,RLS,7,8:00:00,,,0,,Chordata,Actinopterygii,Perciformes,Serranidae,Epinephelus malabaricus,Epinephelus malabaricus,150,1,41731.637,POINT (140.1199951171875 -15.520000457763672)
ep_m0_off_transect_sighting_public_data.fid--462e4c35_197a05f666f_-6350,912345825,Australia,Queensland,Arnhem Coast to Gulf of Carpenteria,Central Indo-Pacific,Carpentaria,GC13,Carpentaria Reef,-15.45,140.18,16/11/2015,20,RLS,6,12:00:00,,,0,,Chordata,Actinopterygii,Perciformes,Serranidae,Epinephelus malabaricus,Epinephelus malabaricus,125,2,47820.02,POINT (140.17999267578125 -15.449999809265137)
ep_m0_off_transect_sighting_public_data.fid--462e4c35_197a05f666f_-634f,923400449,Australia,Northern Territory,Arnhem Coast to Gulf of Carpenteria,Central Indo-Pacific,Carpentaria,NT54,Dudley Rock,-12.88,136.71,5/11/2021,5,RLS,12,13:00:00,,,0,2,Chordata,Actinopterygii,Perciformes,Microdesmidae,Ptereleotris microlepis,Ptereleotris microlepis,2.5,8,0.9588,POINT (136.7100067138672 -12.880000114440918)
ep_m0_off_transect_sighting_public_data.fid--462e4c35_197a05f666f_-634e,923400490,Australia,Northern Territory,Arnhem Coast to Gulf of Carpenteria,Central Indo-Pacific,Carpentaria,NT63,Arafura Shoal,-11.23,134.75,1/11/2021,9.5,RLS,15,11:00:00,,,0,1,Chordata,Actinopterygii,Perciformes,Microdesmidae,Ptereleotris microlepis,Ptereleotris microlepis,2.5,6,0.7191,POINT (134.75 -11.229999542236328)
ep_m0_off_transect_sighting_public_data.fid--462e4c35_197a05f666f_-634d,923400490,Australia,Northern Territory,Arnhem Coast to Gulf of Carpenteria,Central Indo-Pacific,Carpentaria,NT63,Arafura Shoal,-11.23,134.75,1/11/2021,9.5,RLS,15,11:00:00,,,0,2,Chordata,Actinopterygii,Perciformes,Microdesmidae,Ptereleotris microlepis,Ptereleotris microlepis,2.5,6,0.7191,POINT (134.75 -11.229999542236328)
ep_m0_off_transect_sighting_public_data.fid--462e4c35_197a05f666f_-634c,923400605,Australia,Northern Territory,Arnhem Coast to Gulf of Carpenteria,Central Indo-Pacific,Wessel,NT40,Truant Bank SW,-11.65,136.91,2/9/2021,17,RLS,6,9:00:00,,,0,0,Chordata,Actinopterygii,Siluriformes,Plotosidae,Plotosus lineatus,Plotosus lineatus,10,20,313.6837,POINT (136.91000366210938 -11.649999618530273)
ep_m0_off_transect_sighting_public_data.fid--462e4c35_197a05f666f_-634b,923400605,Australia,Northern Territory,Arnhem Coast to Gulf of Carpenteria,Central Indo-Pacific,Wessel,NT40,Truant Bank SW,-11.65,136.91,2/9/2021,17,RLS,6,9:00:00,,,0,0,Chordata,Actinopterygii,Siluriformes,Plotosidae,Plotosus lineatus,Plotosus lineatus,12.5,80,2505.9531,POINT (136.91000366210938 -11.649999618530273)
ep_m0_off_transect_sighting_public_data.fid--462e4c35_197a05f666f_-634a,923400605,Australia,Northern Territory,Arnhem Coast to Gulf of Carpenteria,Central Indo-Pacific,Wessel,NT40,Truant Bank SW,-11.65,136.91,2/9/2021,17,RLS,6,9:00:00,,,0,0,Echinodermata,Asteroidea,Spinulosida,Acanthasteridae,Acanthaster planci,Acanthaster planci,20,1,,POINT (136.91000366210938 -11.649999618530273)
ep_m0_off_transect_sighting_public_data.fid--462e4c35_197a05f666f_-6349,923400605,Australia,Northern Territory,Arnhem Coast to Gulf of Carpenteria,Central Indo-Pacific,Wessel,NT40,Truant Bank SW,-11.65,136.91,2/9/2021,17,RLS,6,9:00:00,,,0,0,Echinodermata,Asteroidea,Spinulosida,Acanthasteridae,Acanthaster planci,Acanthaster planci,25,4,,POINT (136.91000366210938 -11.649999618530273)
ep_m0_off_transect_sighting_public_data.fid--462e4c35_197a05f666f_-6348,923400629,Australia,Northern Territory,Arnhem Coast to Gulf of Carpenteria,Central Indo-Pacific,Arnhem,NT31,Arnhem CMR Gadgets Reef West,-11.3,133.8,5/9/2021,13,RLS,11,15:00:00,,,0,0,Arthropoda,Malacostraca,Decapoda,Palinuridae,Panulirus versicolor,Panulirus versicolor,15,2,,POINT (133.8000030517578 -11.300000190734863)
ep_m0_off_transect_sighting_public_data.fid--462e4c35_197a05f666f_-6347,923400635,Australia,Northern Territory,Arnhem Coast to Gulf of Carpenteria,Central Indo-Pacific,Wessel,NT41,Truant Bank SE,-11.63,136.93,2/9/2021,13,RLS,14,7:30:00,,,0,2,Chordata,Elasmobranchii,Carcharhiniformes,Carcharhinidae,Carcharhinus amblyrhynchos,Carcharhinus amblyrhynchos,137.5,1,19176.234,POINT (136.92999267578125 -11.630000114440918)